OrderID,ProductID,Quantity,Date,StoreLocation
MCD1000,M106,2,2025-07-01,Mumbai - Andheri
MCD1001,M101,3,2025-05-15,Chennai - T Nagar
MCD1002,M204,3,2025-05-18,Bangalore - Koramangala
MCD1003,M304,3,2025-05-20,Chennai - T Nagar
MCD1004,M205,1,2025-05-28,Mumbai - Andheri
MCD1005,M107,3,2025-07-11,Kolkata - Salt Lake
MCD1006,M103,4,2025-04-20,Hyderabad - Gachibowli
MCD1007,M302,4,2025-06-06,Delhi - CP
MCD1008,M303,4,2025-05-11,Bangalore - Koramangala
MCD1009,M101,4,2025-05-09,Hyderabad - Gachibowli
MCD1010,M203,3,2025-05-31,Pune - FC Road
MCD1011,M403,2,2025-06-11,Mumbai - Andheri
MCD1012,M205,1,2025-05-21,Delhi - CP
MCD1013,M401,1,2025-06-28,Kolkata - Salt Lake
MCD1014,M402,3,2025-05-11,Delhi - CP
MCD1015,M204,1,2025-05-02,Mumbai - Andheri
MCD1016,M107,1,2025-06-24,Bangalore - Koramangala
MCD1017,M501,1,2025-05-13,Bangalore - Koramangala
MCD1018,M101,4,2025-06-19,Hyderabad - Gachibowli
MCD1019,M101,3,2025-04-20,Bangalore - Koramangala
MCD1020,M104,1,2025-06-20,Chennai - T Nagar
MCD1021,M401,4,2025-04-21,Delhi - CP
MCD1022,M304,3,2025-06-21,Mumbai - Andheri
MCD1023,M103,4,2025-05-18,Bangalore - Koramangala
MCD1024,M502,4,2025-04-20,Hyderabad - Gachibowli
MCD1025,M402,1,2025-04-19,Hyderabad - Gachibowli
MCD1026,M102,4,2025-05-07,Ahmedabad - CG Road
MCD1027,M403,2,2025-06-23,Bangalore - Koramangala
MCD1028,M302,4,2025-06-27,Pune - FC Road
MCD1029,M403,3,2025-06-07,Bangalore - Koramangala
MCD1030,M202,1,2025-07-02,Delhi - CP
MCD1031,M502,1,2025-05-08,Kolkata - Salt Lake
MCD1032,M205,4,2025-04-19,Bangalore - Koramangala
MCD1033,M202,2,2025-05-31,Mumbai - Andheri
MCD1034,M502,3,2025-06-25,Bangalore - Koramangala
MCD1035,M105,3,2025-06-06,Delhi - CP
MCD1036,M105,4,2025-06-29,Hyderabad - Gachibowli
MCD1037,M103,4,2025-06-08,Bangalore - Koramangala
MCD1038,M501,2,2025-05-04,Hyderabad - Gachibowli
MCD1039,M104,2,2025-06-17,Bangalore - Koramangala
MCD1040,M502,3,2025-06-23,Bangalore - Koramangala
MCD1041,M402,2,2025-05-18,Chennai - T Nagar
MCD1042,M205,2,2025-06-18,Bangalore - Koramangala
MCD1043,M303,1,2025-06-17,Mumbai - Andheri
MCD1044,M107,2,2025-05-14,Chennai - T Nagar
MCD1045,M303,2,2025-05-11,Delhi - CP
MCD1046,M304,2,2025-05-11,Mumbai - Andheri
MCD1047,M101,3,2025-05-06,Kolkata - Salt Lake
MCD1048,M302,2,2025-07-10,Mumbai - Andheri
MCD1049,M303,3,2025-04-17,Mumbai - Andheri
MCD1050,M304,3,2025-05-09,Bangalore - Koramangala
MCD1051,M404,3,2025-05-08,Bangalore - Koramangala
MCD1052,M303,1,2025-07-01,Pune - FC Road
MCD1053,M101,1,2025-04-24,Mumbai - Andheri
MCD1054,M301,4,2025-06-17,Bangalore - Koramangala
MCD1055,M204,2,2025-05-05,Delhi - CP
MCD1056,M302,2,2025-07-03,Hyderabad - Gachibowli
MCD1057,M304,1,2025-06-18,Mumbai - Andheri
MCD1058,M403,2,2025-04-27,Chennai - T Nagar
MCD1059,M304,2,2025-07-09,Kolkata - Salt Lake
MCD1060,M402,1,2025-07-13,Ahmedabad - CG Road
MCD1061,M303,4,2025-05-24,Hyderabad - Gachibowli
MCD1062,M103,1,2025-04-21,Chennai - T Nagar
MCD1063,M303,1,2025-06-10,Delhi - CP
MCD1064,M105,3,2025-05-15,Ahmedabad - CG Road
MCD1065,M101,2,2025-05-03,Delhi - CP
MCD1066,M402,3,2025-04-19,Chennai - T Nagar
MCD1067,M404,2,2025-05-16,Mumbai - Andheri
MCD1068,M502,3,2025-06-18,Delhi - CP
MCD1069,M501,2,2025-04-25,Kolkata - Salt Lake
MCD1070,M102,2,2025-05-26,Pune - FC Road
MCD1071,M205,2,2025-07-11,Kolkata - Salt Lake
MCD1072,M304,4,2025-05-09,Kolkata - Salt Lake
MCD1073,M103,2,2025-06-01,Chennai - T Nagar
MCD1074,M102,2,2025-07-08,Chennai - T Nagar
MCD1075,M301,1,2025-05-12,Chennai - T Nagar
MCD1076,M105,1,2025-05-12,Kolkata - Salt Lake
MCD1077,M102,2,2025-04-22,Mumbai - Andheri
MCD1078,M104,3,2025-05-13,Mumbai - Andheri
MCD1079,M304,3,2025-06-17,Delhi - CP
MCD1080,M404,4,2025-04-26,Chennai - T Nagar
MCD1081,M302,3,2025-06-06,Chennai - T Nagar
MCD1082,M106,4,2025-06-10,Chennai - T Nagar
MCD1083,M203,3,2025-05-02,Delhi - CP
MCD1084,M502,4,2025-04-16,Mumbai - Andheri
MCD1085,M106,4,2025-04-30,Ahmedabad - CG Road
MCD1086,M401,3,2025-05-01,Hyderabad - Gachibowli
MCD1087,M106,4,2025-05-26,Delhi - CP
MCD1088,M104,3,2025-04-29,Bangalore - Koramangala
MCD1089,M404,3,2025-06-20,Kolkata - Salt Lake
MCD1090,M202,2,2025-07-04,Hyderabad - Gachibowli
MCD1091,M205,1,2025-06-14,Hyderabad - Gachibowli
MCD1092,M303,4,2025-06-06,Pune - FC Road
MCD1093,M202,1,2025-05-25,Hyderabad - Gachibowli
MCD1094,M303,3,2025-05-23,Bangalore - Koramangala
MCD1095,M104,1,2025-05-09,Bangalore - Koramangala
MCD1096,M302,2,2025-06-29,Pune - FC Road
MCD1097,M301,1,2025-07-07,Hyderabad - Gachibowli
MCD1098,M304,2,2025-06-02,Kolkata - Salt Lake
MCD1099,M502,2,2025-06-17,Delhi - CP
MCD1100,M503,1,2025-06-24,Bangalore - Koramangala
MCD1101,M304,2,2025-06-05,Delhi - CP
MCD1102,M503,3,2025-06-16,Ahmedabad - CG Road
MCD1103,M205,3,2025-04-22,Pune - FC Road
MCD1104,M501,4,2025-07-05,Chennai - T Nagar
MCD1105,M205,4,2025-07-10,Ahmedabad - CG Road
MCD1106,M404,4,2025-05-16,Ahmedabad - CG Road
MCD1107,M105,1,2025-07-13,Hyderabad - Gachibowli
MCD1108,M402,3,2025-04-24,Kolkata - Salt Lake
MCD1109,M104,1,2025-05-15,Ahmedabad - CG Road
MCD1110,M404,2,2025-04-26,Delhi - CP
MCD1111,M104,2,2025-04-27,Delhi - CP
MCD1112,M105,4,2025-05-04,Delhi - CP
MCD1113,M107,3,2025-05-28,Ahmedabad - CG Road
MCD1114,M303,2,2025-06-17,Delhi - CP
MCD1115,M103,4,2025-04-25,Chennai - T Nagar
MCD1116,M105,1,2025-04-27,Chennai - T Nagar
MCD1117,M104,3,2025-06-05,Mumbai - Andheri
MCD1118,M401,3,2025-05-30,Hyderabad - Gachibowli
MCD1119,M502,2,2025-06-24,Pune - FC Road
MCD1120,M204,1,2025-07-13,Hyderabad - Gachibowli
MCD1121,M106,1,2025-05-10,Hyderabad - Gachibowli
MCD1122,M301,3,2025-06-27,Mumbai - Andheri
MCD1123,M303,4,2025-04-20,Delhi - CP
MCD1124,M401,2,2025-06-05,Pune - FC Road
MCD1125,M203,4,2025-05-03,Chennai - T Nagar
MCD1126,M303,2,2025-07-01,Ahmedabad - CG Road
MCD1127,M105,3,2025-06-27,Bangalore - Koramangala
MCD1128,M303,2,2025-04-25,Kolkata - Salt Lake
MCD1129,M107,4,2025-05-17,Chennai - T Nagar
MCD1130,M402,1,2025-04-30,Pune - FC Road
MCD1131,M205,4,2025-04-14,Ahmedabad - CG Road
MCD1132,M501,4,2025-07-13,Delhi - CP
MCD1133,M402,1,2025-07-10,Hyderabad - Gachibowli
MCD1134,M104,3,2025-05-19,Bangalore - Koramangala
MCD1135,M102,4,2025-06-12,Mumbai - Andheri
MCD1136,M103,3,2025-06-08,Delhi - CP
MCD1137,M402,4,2025-06-02,Bangalore - Koramangala
MCD1138,M202,3,2025-06-27,Bangalore - Koramangala
MCD1139,M304,2,2025-04-15,Chennai - T Nagar
MCD1140,M502,3,2025-04-28,Pune - FC Road
MCD1141,M201,1,2025-07-06,Mumbai - Andheri
MCD1142,M501,3,2025-05-01,Chennai - T Nagar
MCD1143,M501,4,2025-06-02,Bangalore - Koramangala
MCD1144,M302,4,2025-05-25,Hyderabad - Gachibowli
MCD1145,M502,3,2025-04-15,Chennai - T Nagar
MCD1146,M102,2,2025-07-13,Mumbai - Andheri
MCD1147,M106,3,2025-04-15,Kolkata - Salt Lake
MCD1148,M301,4,2025-04-29,Mumbai - Andheri
MCD1149,M301,4,2025-04-18,Hyderabad - Gachibowli
MCD1150,M402,2,2025-05-19,Delhi - CP
MCD1151,M204,2,2025-06-21,Bangalore - Koramangala
MCD1152,M203,4,2025-04-17,Ahmedabad - CG Road
MCD1153,M302,1,2025-05-27,Mumbai - Andheri
MCD1154,M401,2,2025-06-23,Chennai - T Nagar
MCD1155,M102,3,2025-04-21,Chennai - T Nagar
MCD1156,M503,2,2025-05-02,Kolkata - Salt Lake
MCD1157,M501,4,2025-04-16,Pune - FC Road
MCD1158,M202,3,2025-05-24,Chennai - T Nagar
MCD1159,M204,2,2025-07-10,Chennai - T Nagar
MCD1160,M103,4,2025-06-02,Ahmedabad - CG Road
MCD1161,M402,2,2025-07-03,Mumbai - Andheri
MCD1162,M503,3,2025-05-20,Bangalore - Koramangala
MCD1163,M503,1,2025-07-07,Kolkata - Salt Lake
MCD1164,M205,3,2025-05-04,Chennai - T Nagar
MCD1165,M404,3,2025-07-03,Delhi - CP
MCD1166,M107,4,2025-05-12,Pune - FC Road
MCD1167,M205,1,2025-05-06,Mumbai - Andheri
MCD1168,M403,2,2025-07-12,Kolkata - Salt Lake
MCD1169,M102,4,2025-06-03,Hyderabad - Gachibowli
MCD1170,M102,2,2025-06-17,Pune - FC Road
MCD1171,M103,3,2025-06-22,Hyderabad - Gachibowli
MCD1172,M502,3,2025-05-13,Chennai - T Nagar
MCD1173,M402,4,2025-05-08,Kolkata - Salt Lake
MCD1174,M401,4,2025-06-24,Hyderabad - Gachibowli
MCD1175,M202,4,2025-07-03,Ahmedabad - CG Road
MCD1176,M201,1,2025-04-26,Hyderabad - Gachibowli
MCD1177,M204,1,2025-06-13,Ahmedabad - CG Road
MCD1178,M103,3,2025-06-29,Hyderabad - Gachibowli
MCD1179,M502,4,2025-06-20,Hyderabad - Gachibowli
MCD1180,M101,2,2025-04-25,Pune - FC Road
MCD1181,M303,3,2025-06-21,Hyderabad - Gachibowli
MCD1182,M205,4,2025-07-09,Ahmedabad - CG Road
MCD1183,M102,1,2025-07-11,Pune - FC Road
MCD1184,M204,1,2025-04-23,Delhi - CP
MCD1185,M202,3,2025-04-21,Mumbai - Andheri
MCD1186,M303,2,2025-07-12,Mumbai - Andheri
MCD1187,M402,4,2025-05-21,Pune - FC Road
MCD1188,M301,1,2025-05-11,Kolkata - Salt Lake
MCD1189,M404,3,2025-06-06,Delhi - CP
MCD1190,M107,2,2025-04-14,Hyderabad - Gachibowli
MCD1191,M107,1,2025-05-21,Kolkata - Salt Lake
MCD1192,M502,1,2025-06-15,Ahmedabad - CG Road
MCD1193,M304,4,2025-05-14,Pune - FC Road
MCD1194,M103,4,2025-05-09,Pune - FC Road
MCD1195,M106,2,2025-05-13,Hyderabad - Gachibowli
MCD1196,M102,3,2025-06-04,Delhi - CP
MCD1197,M403,2,2025-04-15,Hyderabad - Gachibowli
MCD1198,M501,4,2025-07-04,Chennai - T Nagar
MCD1199,M106,4,2025-06-26,Pune - FC Road
MCD1200,M205,2,2025-06-14,Delhi - CP
MCD1201,M403,4,2025-05-02,Pune - FC Road
MCD1202,M105,3,2025-04-16,Mumbai - Andheri
MCD1203,M205,1,2025-06-27,Kolkata - Salt Lake
MCD1204,M204,2,2025-04-21,Hyderabad - Gachibowli
MCD1205,M302,4,2025-04-17,Mumbai - Andheri
MCD1206,M404,1,2025-05-08,Chennai - T Nagar
MCD1207,M102,3,2025-06-04,Kolkata - Salt Lake
MCD1208,M302,3,2025-04-14,Ahmedabad - CG Road
MCD1209,M106,1,2025-06-06,Bangalore - Koramangala
MCD1210,M204,1,2025-06-28,Hyderabad - Gachibowli
MCD1211,M102,3,2025-07-09,Delhi - CP
MCD1212,M402,1,2025-07-08,Kolkata - Salt Lake
MCD1213,M106,2,2025-05-18,Ahmedabad - CG Road
MCD1214,M103,4,2025-06-23,Mumbai - Andheri
MCD1215,M503,2,2025-07-06,Pune - FC Road
MCD1216,M205,2,2025-06-10,Ahmedabad - CG Road
MCD1217,M304,1,2025-06-08,Ahmedabad - CG Road
MCD1218,M501,2,2025-07-04,Delhi - CP
MCD1219,M106,3,2025-06-08,Bangalore - Koramangala
MCD1220,M401,4,2025-06-13,Delhi - CP
MCD1221,M106,2,2025-04-21,Hyderabad - Gachibowli
MCD1222,M105,3,2025-06-29,Pune - FC Road
MCD1223,M402,3,2025-04-27,Ahmedabad - CG Road
MCD1224,M403,3,2025-06-25,Bangalore - Koramangala
MCD1225,M204,2,2025-06-16,Pune - FC Road
MCD1226,M107,3,2025-05-20,Chennai - T Nagar
MCD1227,M203,2,2025-04-28,Pune - FC Road
MCD1228,M501,1,2025-06-16,Ahmedabad - CG Road
MCD1229,M303,3,2025-06-16,Hyderabad - Gachibowli
MCD1230,M202,1,2025-05-14,Bangalore - Koramangala
MCD1231,M304,4,2025-05-04,Ahmedabad - CG Road
MCD1232,M103,2,2025-05-09,Delhi - CP
MCD1233,M105,2,2025-05-16,Pune - FC Road
MCD1234,M304,1,2025-06-19,Pune - FC Road
MCD1235,M106,2,2025-06-08,Hyderabad - Gachibowli
MCD1236,M202,1,2025-05-05,Delhi - CP
MCD1237,M104,3,2025-04-20,Hyderabad - Gachibowli
MCD1238,M205,2,2025-06-13,Ahmedabad - CG Road
MCD1239,M203,1,2025-04-29,Bangalore - Koramangala
MCD1240,M107,4,2025-04-24,Pune - FC Road
MCD1241,M103,3,2025-06-28,Hyderabad - Gachibowli
MCD1242,M101,3,2025-05-31,Mumbai - Andheri
MCD1243,M203,3,2025-06-15,Ahmedabad - CG Road
MCD1244,M401,4,2025-05-06,Chennai - T Nagar
MCD1245,M107,4,2025-06-14,Delhi - CP
MCD1246,M404,3,2025-06-18,Mumbai - Andheri
MCD1247,M503,2,2025-05-28,Bangalore - Koramangala
MCD1248,M302,4,2025-07-11,Kolkata - Salt Lake
MCD1249,M302,4,2025-06-26,Ahmedabad - CG Road
MCD1250,M203,2,2025-05-07,Pune - FC Road
MCD1251,M201,4,2025-05-14,Bangalore - Koramangala
MCD1252,M104,1,2025-06-08,Ahmedabad - CG Road
MCD1253,M304,1,2025-06-03,Mumbai - Andheri
MCD1254,M303,4,2025-05-04,Pune - FC Road
MCD1255,M103,2,2025-07-04,Ahmedabad - CG Road
MCD1256,M303,3,2025-04-29,Bangalore - Koramangala
MCD1257,M304,3,2025-05-21,Mumbai - Andheri
MCD1258,M204,2,2025-04-15,Mumbai - Andheri
MCD1259,M404,2,2025-06-08,Chennai - T Nagar
MCD1260,M402,1,2025-05-15,Kolkata - Salt Lake
MCD1261,M404,1,2025-06-01,Mumbai - Andheri
MCD1262,M204,2,2025-06-17,Delhi - CP
MCD1263,M501,4,2025-05-04,Bangalore - Koramangala
MCD1264,M105,4,2025-06-21,Mumbai - Andheri
MCD1265,M401,1,2025-05-28,Hyderabad - Gachibowli
MCD1266,M204,4,2025-07-04,Chennai - T Nagar
MCD1267,M101,4,2025-05-19,Mumbai - Andheri
MCD1268,M101,4,2025-06-04,Mumbai - Andheri
MCD1269,M105,1,2025-05-08,Hyderabad - Gachibowli
MCD1270,M302,3,2025-07-05,Bangalore - Koramangala
MCD1271,M104,4,2025-04-26,Delhi - CP
MCD1272,M105,4,2025-05-09,Ahmedabad - CG Road
MCD1273,M205,4,2025-04-27,Bangalore - Koramangala
MCD1274,M105,1,2025-05-28,Kolkata - Salt Lake
MCD1275,M503,2,2025-06-16,Mumbai - Andheri
MCD1276,M401,3,2025-05-24,Bangalore - Koramangala
MCD1277,M105,3,2025-06-10,Hyderabad - Gachibowli
MCD1278,M101,3,2025-05-09,Hyderabad - Gachibowli
MCD1279,M402,3,2025-05-29,Pune - FC Road
MCD1280,M201,1,2025-05-29,Pune - FC Road
MCD1281,M501,3,2025-05-13,Delhi - CP
MCD1282,M204,3,2025-06-28,Hyderabad - Gachibowli
MCD1283,M304,4,2025-07-13,Ahmedabad - CG Road
MCD1284,M104,4,2025-07-13,Pune - FC Road
MCD1285,M201,1,2025-07-10,Hyderabad - Gachibowli
MCD1286,M204,4,2025-05-11,Hyderabad - Gachibowli
MCD1287,M202,4,2025-04-19,Pune - FC Road
MCD1288,M101,4,2025-04-19,Pune - FC Road
MCD1289,M404,3,2025-06-15,Chennai - T Nagar
MCD1290,M104,2,2025-06-17,Bangalore - Koramangala
MCD1291,M501,3,2025-06-16,Delhi - CP
MCD1292,M107,3,2025-06-25,Chennai - T Nagar
MCD1293,M302,2,2025-05-27,Ahmedabad - CG Road
MCD1294,M204,2,2025-06-17,Bangalore - Koramangala
MCD1295,M503,4,2025-06-17,Ahmedabad - CG Road
MCD1296,M103,4,2025-05-02,Hyderabad - Gachibowli
MCD1297,M106,3,2025-07-08,Ahmedabad - CG Road
MCD1298,M204,4,2025-05-07,Pune - FC Road
MCD1299,M103,4,2025-07-02,Pune - FC Road
MCD1300,M104,4,2025-05-01,Kolkata - Salt Lake
MCD1301,M403,2,2025-06-04,Kolkata - Salt Lake
MCD1302,M101,2,2025-06-28,Pune - FC Road
MCD1303,M104,1,2025-04-17,Delhi - CP
MCD1304,M101,2,2025-04-20,Chennai - T Nagar
MCD1305,M101,2,2025-06-06,Chennai - T Nagar
MCD1306,M304,4,2025-04-24,Pune - FC Road
MCD1307,M104,1,2025-06-15,Hyderabad - Gachibowli
MCD1308,M303,1,2025-05-29,Mumbai - Andheri
MCD1309,M304,4,2025-06-09,Pune - FC Road
MCD1310,M304,3,2025-06-10,Kolkata - Salt Lake
MCD1311,M203,1,2025-06-12,Ahmedabad - CG Road
MCD1312,M502,2,2025-04-21,Pune - FC Road
MCD1313,M107,2,2025-04-29,Kolkata - Salt Lake
MCD1314,M105,2,2025-05-23,Bangalore - Koramangala
MCD1315,M303,4,2025-05-02,Ahmedabad - CG Road
MCD1316,M104,3,2025-05-10,Hyderabad - Gachibowli
MCD1317,M107,4,2025-07-07,Chennai - T Nagar
MCD1318,M205,1,2025-06-17,Mumbai - Andheri
MCD1319,M202,4,2025-07-04,Ahmedabad - CG Road
MCD1320,M205,2,2025-06-22,Pune - FC Road
MCD1321,M203,1,2025-06-03,Kolkata - Salt Lake
MCD1322,M105,4,2025-04-17,Ahmedabad - CG Road
MCD1323,M304,4,2025-07-01,Bangalore - Koramangala
MCD1324,M302,2,2025-07-01,Kolkata - Salt Lake
MCD1325,M502,2,2025-05-29,Chennai - T Nagar
MCD1326,M401,2,2025-05-21,Pune - FC Road
MCD1327,M101,3,2025-07-02,Bangalore - Koramangala
MCD1328,M107,1,2025-04-27,Kolkata - Salt Lake
MCD1329,M201,3,2025-06-09,Kolkata - Salt Lake
MCD1330,M302,1,2025-04-30,Pune - FC Road
MCD1331,M202,1,2025-04-28,Chennai - T Nagar
MCD1332,M404,1,2025-07-03,Delhi - CP
MCD1333,M202,4,2025-06-23,Pune - FC Road
MCD1334,M503,2,2025-05-22,Bangalore - Koramangala
MCD1335,M204,4,2025-05-10,Hyderabad - Gachibowli
MCD1336,M304,2,2025-04-25,Bangalore - Koramangala
MCD1337,M102,1,2025-04-29,Delhi - CP
MCD1338,M202,1,2025-05-01,Chennai - T Nagar
MCD1339,M101,3,2025-06-22,Hyderabad - Gachibowli
MCD1340,M401,1,2025-05-24,Ahmedabad - CG Road
MCD1341,M105,2,2025-06-23,Kolkata - Salt Lake
MCD1342,M105,3,2025-05-21,Hyderabad - Gachibowli
MCD1343,M304,4,2025-05-08,Delhi - CP
MCD1344,M302,4,2025-06-05,Delhi - CP
MCD1345,M501,3,2025-05-23,Pune - FC Road
MCD1346,M105,4,2025-06-03,Ahmedabad - CG Road
MCD1347,M203,1,2025-06-14,Kolkata - Salt Lake
MCD1348,M501,1,2025-04-17,Kolkata - Salt Lake
MCD1349,M105,3,2025-05-28,Kolkata - Salt Lake
MCD1350,M102,2,2025-06-01,Pune - FC Road
MCD1351,M101,4,2025-04-30,Ahmedabad - CG Road
MCD1352,M105,1,2025-05-29,Bangalore - Koramangala
MCD1353,M402,4,2025-04-24,Mumbai - Andheri
MCD1354,M304,4,2025-06-09,Kolkata - Salt Lake
MCD1355,M105,4,2025-06-05,Delhi - CP
MCD1356,M102,4,2025-04-20,Delhi - CP
MCD1357,M301,1,2025-04-26,Hyderabad - Gachibowli
MCD1358,M102,2,2025-07-05,Pune - FC Road
MCD1359,M303,2,2025-05-17,Pune - FC Road
MCD1360,M204,1,2025-06-11,Delhi - CP
MCD1361,M205,4,2025-04-23,Kolkata - Salt Lake
MCD1362,M102,3,2025-06-25,Hyderabad - Gachibowli
MCD1363,M201,3,2025-05-29,Ahmedabad - CG Road
MCD1364,M103,2,2025-05-07,Bangalore - Koramangala
MCD1365,M201,3,2025-04-17,Hyderabad - Gachibowli
MCD1366,M204,4,2025-06-17,Bangalore - Koramangala
MCD1367,M106,1,2025-06-12,Kolkata - Salt Lake
MCD1368,M302,3,2025-07-06,Chennai - T Nagar
MCD1369,M105,1,2025-06-26,Kolkata - Salt Lake
MCD1370,M205,4,2025-07-12,Ahmedabad - CG Road
MCD1371,M503,1,2025-06-08,Chennai - T Nagar
MCD1372,M104,4,2025-07-02,Chennai - T Nagar
MCD1373,M203,2,2025-05-04,Delhi - CP
MCD1374,M402,3,2025-07-12,Hyderabad - Gachibowli
MCD1375,M104,3,2025-05-21,Delhi - CP
MCD1376,M301,3,2025-06-15,Chennai - T Nagar
MCD1377,M501,1,2025-05-27,Bangalore - Koramangala
MCD1378,M204,1,2025-05-13,Pune - FC Road
MCD1379,M201,3,2025-06-29,Ahmedabad - CG Road
MCD1380,M404,2,2025-05-20,Ahmedabad - CG Road
MCD1381,M304,4,2025-05-21,Delhi - CP
MCD1382,M104,3,2025-05-10,Pune - FC Road
MCD1383,M503,4,2025-05-06,Chennai - T Nagar
MCD1384,M304,3,2025-06-25,Pune - FC Road
MCD1385,M203,1,2025-06-20,Bangalore - Koramangala
MCD1386,M201,1,2025-07-05,Mumbai - Andheri
MCD1387,M204,3,2025-05-19,Pune - FC Road
MCD1388,M302,2,2025-05-26,Ahmedabad - CG Road
MCD1389,M501,2,2025-06-09,Pune - FC Road
MCD1390,M204,2,2025-05-06,Pune - FC Road
MCD1391,M103,4,2025-06-07,Ahmedabad - CG Road
MCD1392,M102,1,2025-06-22,Kolkata - Salt Lake
MCD1393,M503,2,2025-07-04,Hyderabad - Gachibowli
MCD1394,M202,3,2025-04-15,Bangalore - Koramangala
MCD1395,M401,4,2025-06-02,Chennai - T Nagar
MCD1396,M303,1,2025-06-21,Pune - FC Road
MCD1397,M402,1,2025-06-17,Mumbai - Andheri
MCD1398,M104,3,2025-05-07,Ahmedabad - CG Road
MCD1399,M107,3,2025-04-16,Mumbai - Andheri
MCD1400,M303,3,2025-05-16,Bangalore - Koramangala
MCD1401,M304,2,2025-06-11,Mumbai - Andheri
MCD1402,M503,1,2025-06-01,Bangalore - Koramangala
MCD1403,M204,2,2025-06-10,Ahmedabad - CG Road
MCD1404,M104,2,2025-04-18,Ahmedabad - CG Road
MCD1405,M503,3,2025-04-26,Delhi - CP
MCD1406,M202,1,2025-06-26,Mumbai - Andheri
MCD1407,M203,3,2025-06-25,Ahmedabad - CG Road
MCD1408,M106,3,2025-06-13,Ahmedabad - CG Road
MCD1409,M501,4,2025-06-06,Bangalore - Koramangala
MCD1410,M202,1,2025-04-14,Hyderabad - Gachibowli
MCD1411,M105,1,2025-05-08,Bangalore - Koramangala
MCD1412,M501,3,2025-06-17,Pune - FC Road
MCD1413,M401,1,2025-04-16,Delhi - CP
MCD1414,M107,2,2025-04-30,Pune - FC Road
MCD1415,M201,1,2025-07-10,Bangalore - Koramangala
MCD1416,M104,2,2025-06-15,Ahmedabad - CG Road
MCD1417,M203,3,2025-06-03,Bangalore - Koramangala
MCD1418,M104,1,2025-05-01,Kolkata - Salt Lake
MCD1419,M201,2,2025-05-19,Chennai - T Nagar
MCD1420,M403,2,2025-06-16,Delhi - CP
MCD1421,M301,3,2025-04-14,Bangalore - Koramangala
MCD1422,M304,2,2025-06-13,Delhi - CP
MCD1423,M303,1,2025-06-08,Chennai - T Nagar
MCD1424,M102,2,2025-07-09,Delhi - CP
MCD1425,M106,3,2025-07-10,Bangalore - Koramangala
MCD1426,M104,1,2025-06-02,Hyderabad - Gachibowli
MCD1427,M202,2,2025-06-08,Delhi - CP
MCD1428,M301,3,2025-05-16,Pune - FC Road
MCD1429,M103,3,2025-06-17,Hyderabad - Gachibowli
MCD1430,M105,1,2025-07-13,Kolkata - Salt Lake
MCD1431,M104,2,2025-07-02,Bangalore - Koramangala
MCD1432,M501,3,2025-04-25,Chennai - T Nagar
MCD1433,M403,3,2025-06-28,Hyderabad - Gachibowli
MCD1434,M304,2,2025-05-23,Kolkata - Salt Lake
MCD1435,M104,4,2025-05-22,Bangalore - Koramangala
MCD1436,M101,2,2025-06-03,Hyderabad - Gachibowli
MCD1437,M205,1,2025-05-28,Ahmedabad - CG Road
MCD1438,M101,4,2025-06-03,Ahmedabad - CG Road
MCD1439,M105,3,2025-05-29,Pune - FC Road
MCD1440,M501,2,2025-06-03,Mumbai - Andheri
MCD1441,M403,1,2025-04-24,Bangalore - Koramangala
MCD1442,M106,1,2025-05-29,Kolkata - Salt Lake
MCD1443,M304,3,2025-06-05,Delhi - CP
MCD1444,M201,1,2025-05-30,Ahmedabad - CG Road
MCD1445,M202,4,2025-07-11,Ahmedabad - CG Road
MCD1446,M402,2,2025-05-17,Pune - FC Road
MCD1447,M301,4,2025-04-21,Mumbai - Andheri
MCD1448,M204,4,2025-06-20,Kolkata - Salt Lake
MCD1449,M304,1,2025-04-28,Ahmedabad - CG Road
MCD1450,M103,2,2025-04-23,Mumbai - Andheri
MCD1451,M205,2,2025-07-01,Hyderabad - Gachibowli
MCD1452,M502,3,2025-07-02,Delhi - CP
MCD1453,M102,1,2025-05-04,Kolkata - Salt Lake
MCD1454,M105,4,2025-04-25,Kolkata - Salt Lake
MCD1455,M105,1,2025-06-30,Mumbai - Andheri
MCD1456,M101,4,2025-05-04,Bangalore - Koramangala
MCD1457,M502,4,2025-06-09,Pune - FC Road
MCD1458,M102,3,2025-06-09,Mumbai - Andheri
MCD1459,M301,2,2025-07-05,Pune - FC Road
MCD1460,M403,3,2025-05-15,Hyderabad - Gachibowli
MCD1461,M104,2,2025-05-12,Pune - FC Road
MCD1462,M304,2,2025-06-12,Hyderabad - Gachibowli
MCD1463,M503,2,2025-05-19,Pune - FC Road
MCD1464,M403,2,2025-05-23,Pune - FC Road
MCD1465,M104,4,2025-05-04,Delhi - CP
MCD1466,M301,3,2025-06-08,Hyderabad - Gachibowli
MCD1467,M502,4,2025-04-15,Delhi - CP
MCD1468,M105,4,2025-05-28,Mumbai - Andheri
MCD1469,M205,3,2025-06-30,Chennai - T Nagar
MCD1470,M401,1,2025-05-14,Mumbai - Andheri
MCD1471,M303,1,2025-05-19,Pune - FC Road
MCD1472,M403,4,2025-04-25,Bangalore - Koramangala
MCD1473,M401,2,2025-07-09,Ahmedabad - CG Road
MCD1474,M302,1,2025-05-09,Mumbai - Andheri
MCD1475,M205,1,2025-05-10,Bangalore - Koramangala
MCD1476,M104,4,2025-05-30,Pune - FC Road
MCD1477,M103,3,2025-06-23,Pune - FC Road
MCD1478,M204,2,2025-04-19,Pune - FC Road
MCD1479,M503,2,2025-06-30,Chennai - T Nagar
MCD1480,M105,1,2025-04-19,Delhi - CP
MCD1481,M304,2,2025-04-14,Ahmedabad - CG Road
MCD1482,M106,1,2025-06-17,Pune - FC Road
MCD1483,M105,4,2025-04-15,Mumbai - Andheri
MCD1484,M203,4,2025-06-18,Mumbai - Andheri
MCD1485,M502,3,2025-04-24,Delhi - CP
MCD1486,M205,4,2025-07-03,Ahmedabad - CG Road
MCD1487,M502,4,2025-06-15,Hyderabad - Gachibowli
MCD1488,M102,2,2025-07-02,Kolkata - Salt Lake
MCD1489,M503,3,2025-05-26,Hyderabad - Gachibowli
MCD1490,M102,4,2025-05-12,Kolkata - Salt Lake
MCD1491,M205,4,2025-05-17,Delhi - CP
MCD1492,M404,4,2025-06-16,Delhi - CP
MCD1493,M202,2,2025-06-24,Hyderabad - Gachibowli
MCD1494,M203,1,2025-04-18,Pune - FC Road
MCD1495,M304,3,2025-04-28,Hyderabad - Gachibowli
MCD1496,M304,2,2025-05-10,Kolkata - Salt Lake
MCD1497,M201,2,2025-06-11,Mumbai - Andheri
MCD1498,M501,3,2025-05-22,Kolkata - Salt Lake
MCD1499,M201,4,2025-07-07,Ahmedabad - CG Road
MCD1500,M106,4,2025-07-11,Chennai - T Nagar
MCD1501,M205,1,2025-05-05,Kolkata - Salt Lake
MCD1502,M502,1,2025-05-14,Mumbai - Andheri
MCD1503,M401,3,2025-05-25,Chennai - T Nagar
MCD1504,M203,1,2025-04-18,Bangalore - Koramangala
MCD1505,M304,2,2025-05-12,Delhi - CP
MCD1506,M401,4,2025-05-11,Bangalore - Koramangala
MCD1507,M403,3,2025-06-27,Ahmedabad - CG Road
MCD1508,M105,4,2025-05-24,Delhi - CP
MCD1509,M503,2,2025-05-31,Delhi - CP
MCD1510,M101,1,2025-06-04,Hyderabad - Gachibowli
MCD1511,M201,4,2025-05-18,Hyderabad - Gachibowli
MCD1512,M103,1,2025-04-15,Bangalore - Koramangala
MCD1513,M104,1,2025-05-01,Hyderabad - Gachibowli
MCD1514,M102,2,2025-06-19,Kolkata - Salt Lake
MCD1515,M402,1,2025-06-18,Chennai - T Nagar
MCD1516,M103,2,2025-05-25,Ahmedabad - CG Road
MCD1517,M204,2,2025-05-01,Ahmedabad - CG Road
MCD1518,M203,3,2025-06-05,Kolkata - Salt Lake
MCD1519,M301,2,2025-05-16,Pune - FC Road
MCD1520,M401,2,2025-06-12,Pune - FC Road
MCD1521,M402,3,2025-06-22,Ahmedabad - CG Road
MCD1522,M101,2,2025-06-20,Hyderabad - Gachibowli
MCD1523,M304,4,2025-06-28,Bangalore - Koramangala
MCD1524,M501,3,2025-07-13,Hyderabad - Gachibowli
MCD1525,M105,3,2025-07-03,Delhi - CP
MCD1526,M204,4,2025-05-12,Hyderabad - Gachibowli
MCD1527,M204,2,2025-06-30,Chennai - T Nagar
MCD1528,M404,1,2025-04-15,Ahmedabad - CG Road
MCD1529,M404,1,2025-05-08,Kolkata - Salt Lake
MCD1530,M101,2,2025-06-20,Bangalore - Koramangala
MCD1531,M104,2,2025-06-23,Kolkata - Salt Lake
MCD1532,M503,1,2025-04-22,Ahmedabad - CG Road
MCD1533,M203,4,2025-06-20,Ahmedabad - CG Road
MCD1534,M403,3,2025-06-05,Kolkata - Salt Lake
MCD1535,M202,3,2025-06-09,Chennai - T Nagar
MCD1536,M101,2,2025-04-27,Bangalore - Koramangala
MCD1537,M102,3,2025-07-08,Chennai - T Nagar
MCD1538,M203,2,2025-06-10,Mumbai - Andheri
MCD1539,M102,3,2025-06-16,Ahmedabad - CG Road
MCD1540,M106,4,2025-07-01,Kolkata - Salt Lake
MCD1541,M302,4,2025-07-12,Hyderabad - Gachibowli
MCD1542,M104,4,2025-05-09,Mumbai - Andheri
MCD1543,M104,3,2025-06-02,Delhi - CP
MCD1544,M303,2,2025-05-27,Hyderabad - Gachibowli
MCD1545,M404,1,2025-06-15,Chennai - T Nagar
MCD1546,M203,1,2025-06-10,Chennai - T Nagar
MCD1547,M303,4,2025-07-06,Hyderabad - Gachibowli
MCD1548,M303,3,2025-05-21,Delhi - CP
MCD1549,M403,3,2025-05-13,Ahmedabad - CG Road
MCD1550,M302,3,2025-07-12,Hyderabad - Gachibowli
MCD1551,M501,1,2025-05-10,Pune - FC Road
MCD1552,M304,3,2025-06-20,Hyderabad - Gachibowli
MCD1553,M203,1,2025-06-12,Hyderabad - Gachibowli
MCD1554,M501,2,2025-04-15,Bangalore - Koramangala
MCD1555,M102,2,2025-06-26,Hyderabad - Gachibowli
MCD1556,M107,2,2025-06-23,Mumbai - Andheri
MCD1557,M202,4,2025-06-21,Mumbai - Andheri
MCD1558,M204,3,2025-07-02,Delhi - CP
MCD1559,M201,1,2025-06-20,Delhi - CP
MCD1560,M202,2,2025-07-08,Chennai - T Nagar
MCD1561,M205,1,2025-06-06,Delhi - CP
MCD1562,M502,1,2025-06-02,Chennai - T Nagar
MCD1563,M302,1,2025-06-05,Pune - FC Road
MCD1564,M401,3,2025-06-13,Pune - FC Road
MCD1565,M401,2,2025-05-15,Mumbai - Andheri
MCD1566,M503,2,2025-04-21,Chennai - T Nagar
MCD1567,M304,1,2025-05-09,Ahmedabad - CG Road
MCD1568,M205,4,2025-05-06,Bangalore - Koramangala
MCD1569,M103,4,2025-04-15,Pune - FC Road
MCD1570,M201,1,2025-06-21,Kolkata - Salt Lake
MCD1571,M404,1,2025-06-01,Bangalore - Koramangala
MCD1572,M107,3,2025-05-31,Pune - FC Road
MCD1573,M502,2,2025-04-14,Mumbai - Andheri
MCD1574,M501,4,2025-05-13,Bangalore - Koramangala
MCD1575,M103,1,2025-04-21,Kolkata - Salt Lake
MCD1576,M503,1,2025-07-12,Bangalore - Koramangala
MCD1577,M301,1,2025-04-14,Kolkata - Salt Lake
MCD1578,M402,2,2025-05-04,Kolkata - Salt Lake
MCD1579,M106,4,2025-06-13,Hyderabad - Gachibowli
MCD1580,M404,4,2025-06-25,Ahmedabad - CG Road
MCD1581,M203,2,2025-04-28,Kolkata - Salt Lake
MCD1582,M105,3,2025-05-31,Pune - FC Road
MCD1583,M401,4,2025-05-10,Hyderabad - Gachibowli
MCD1584,M104,1,2025-04-28,Pune - FC Road
MCD1585,M501,3,2025-06-08,Mumbai - Andheri
MCD1586,M303,1,2025-04-20,Kolkata - Salt Lake
MCD1587,M503,4,2025-06-02,Bangalore - Koramangala
MCD1588,M205,4,2025-06-09,Pune - FC Road
MCD1589,M107,1,2025-05-24,Chennai - T Nagar
MCD1590,M203,2,2025-04-25,Delhi - CP
MCD1591,M107,2,2025-06-15,Kolkata - Salt Lake
MCD1592,M303,3,2025-05-01,Bangalore - Koramangala
MCD1593,M303,3,2025-05-13,Ahmedabad - CG Road
MCD1594,M501,2,2025-06-22,Kolkata - Salt Lake
MCD1595,M303,2,2025-07-07,Delhi - CP
MCD1596,M102,2,2025-06-15,Hyderabad - Gachibowli
MCD1597,M107,2,2025-05-06,Ahmedabad - CG Road
MCD1598,M205,1,2025-05-05,Chennai - T Nagar
MCD1599,M105,2,2025-07-13,Mumbai - Andheri
MCD1600,M205,4,2025-05-01,Ahmedabad - CG Road
MCD1601,M104,3,2025-06-24,Delhi - CP
MCD1602,M204,2,2025-05-18,Bangalore - Koramangala
MCD1603,M304,2,2025-04-25,Pune - FC Road
MCD1604,M303,1,2025-07-10,Kolkata - Salt Lake
MCD1605,M203,1,2025-04-24,Chennai - T Nagar
MCD1606,M304,2,2025-05-02,Hyderabad - Gachibowli
MCD1607,M103,3,2025-05-14,Delhi - CP
MCD1608,M205,4,2025-06-06,Pune - FC Road
MCD1609,M103,3,2025-06-30,Mumbai - Andheri
MCD1610,M303,2,2025-06-27,Delhi - CP
MCD1611,M103,4,2025-05-14,Pune - FC Road
MCD1612,M106,1,2025-07-13,Bangalore - Koramangala
MCD1613,M303,3,2025-05-30,Chennai - T Nagar
MCD1614,M101,2,2025-04-23,Bangalore - Koramangala
MCD1615,M403,3,2025-05-24,Delhi - CP
MCD1616,M403,2,2025-05-07,Kolkata - Salt Lake
MCD1617,M107,4,2025-06-22,Pune - FC Road
MCD1618,M503,2,2025-04-25,Delhi - CP
MCD1619,M101,3,2025-06-13,Mumbai - Andheri
MCD1620,M106,2,2025-07-10,Ahmedabad - CG Road
MCD1621,M204,1,2025-05-24,Delhi - CP
MCD1622,M104,2,2025-05-06,Pune - FC Road
MCD1623,M203,1,2025-06-07,Mumbai - Andheri
MCD1624,M103,3,2025-05-22,Mumbai - Andheri
MCD1625,M205,2,2025-05-01,Delhi - CP
MCD1626,M103,2,2025-05-09,Kolkata - Salt Lake
MCD1627,M301,1,2025-07-07,Chennai - T Nagar
MCD1628,M103,3,2025-04-26,Hyderabad - Gachibowli
MCD1629,M402,4,2025-05-26,Kolkata - Salt Lake
MCD1630,M503,3,2025-05-05,Chennai - T Nagar
MCD1631,M105,3,2025-06-16,Ahmedabad - CG Road
MCD1632,M304,4,2025-07-08,Ahmedabad - CG Road
MCD1633,M304,4,2025-06-30,Bangalore - Koramangala
MCD1634,M404,2,2025-04-25,Ahmedabad - CG Road
MCD1635,M502,2,2025-05-24,Chennai - T Nagar
MCD1636,M102,3,2025-06-25,Mumbai - Andheri
MCD1637,M104,3,2025-04-26,Kolkata - Salt Lake
MCD1638,M203,1,2025-06-05,Hyderabad - Gachibowli
MCD1639,M503,4,2025-05-12,Bangalore - Koramangala
MCD1640,M402,3,2025-05-31,Chennai - T Nagar
MCD1641,M503,3,2025-07-09,Mumbai - Andheri
MCD1642,M301,3,2025-04-19,Hyderabad - Gachibowli
MCD1643,M204,4,2025-06-14,Chennai - T Nagar
MCD1644,M301,3,2025-06-05,Chennai - T Nagar
MCD1645,M401,3,2025-04-30,Hyderabad - Gachibowli
MCD1646,M303,4,2025-06-01,Delhi - CP
MCD1647,M106,1,2025-07-13,Delhi - CP
MCD1648,M101,4,2025-05-16,Bangalore - Koramangala
MCD1649,M301,1,2025-06-10,Ahmedabad - CG Road
MCD1650,M304,2,2025-06-19,Chennai - T Nagar
MCD1651,M401,2,2025-06-24,Mumbai - Andheri
MCD1652,M204,3,2025-05-21,Pune - FC Road
MCD1653,M301,4,2025-07-07,Bangalore - Koramangala
MCD1654,M503,2,2025-04-22,Kolkata - Salt Lake
MCD1655,M403,2,2025-05-07,Delhi - CP
MCD1656,M102,2,2025-07-06,Bangalore - Koramangala
MCD1657,M104,3,2025-05-01,Bangalore - Koramangala
MCD1658,M402,2,2025-05-13,Hyderabad - Gachibowli
MCD1659,M403,1,2025-06-18,Chennai - T Nagar
MCD1660,M205,4,2025-07-05,Chennai - T Nagar
MCD1661,M105,3,2025-07-01,Kolkata - Salt Lake
MCD1662,M404,2,2025-05-04,Bangalore - Koramangala
MCD1663,M106,1,2025-06-01,Bangalore - Koramangala
MCD1664,M303,3,2025-04-27,Delhi - CP
MCD1665,M101,2,2025-06-20,Ahmedabad - CG Road
MCD1666,M401,1,2025-04-27,Bangalore - Koramangala
MCD1667,M401,3,2025-06-17,Delhi - CP
MCD1668,M205,3,2025-07-13,Mumbai - Andheri
MCD1669,M105,3,2025-04-25,Hyderabad - Gachibowli
MCD1670,M107,3,2025-06-07,Delhi - CP
MCD1671,M104,3,2025-06-17,Hyderabad - Gachibowli
MCD1672,M302,4,2025-06-27,Chennai - T Nagar
MCD1673,M303,4,2025-07-07,Mumbai - Andheri
MCD1674,M202,1,2025-06-24,Hyderabad - Gachibowli
MCD1675,M302,1,2025-04-28,Bangalore - Koramangala
MCD1676,M303,4,2025-05-16,Mumbai - Andheri
MCD1677,M402,3,2025-06-15,Mumbai - Andheri
MCD1678,M402,4,2025-04-16,Bangalore - Koramangala
MCD1679,M107,1,2025-04-30,Mumbai - Andheri
MCD1680,M502,1,2025-05-08,Delhi - CP
MCD1681,M105,2,2025-05-21,Delhi - CP
MCD1682,M104,3,2025-04-25,Bangalore - Koramangala
MCD1683,M205,4,2025-04-25,Chennai - T Nagar
MCD1684,M101,1,2025-07-05,Delhi - CP
MCD1685,M106,4,2025-05-01,Hyderabad - Gachibowli
MCD1686,M302,3,2025-05-24,Delhi - CP
MCD1687,M303,2,2025-06-23,Bangalore - Koramangala
MCD1688,M201,1,2025-06-20,Delhi - CP
MCD1689,M205,4,2025-04-19,Bangalore - Koramangala
MCD1690,M402,3,2025-05-31,Hyderabad - Gachibowli
MCD1691,M101,1,2025-05-20,Ahmedabad - CG Road
MCD1692,M501,4,2025-05-16,Bangalore - Koramangala
MCD1693,M501,4,2025-06-21,Delhi - CP
MCD1694,M105,3,2025-06-03,Delhi - CP
MCD1695,M403,2,2025-06-07,Mumbai - Andheri
MCD1696,M202,2,2025-07-05,Bangalore - Koramangala
MCD1697,M104,1,2025-05-06,Delhi - CP
MCD1698,M301,1,2025-05-31,Chennai - T Nagar
MCD1699,M404,2,2025-04-22,Mumbai - Andheri
MCD1700,M204,3,2025-05-02,Ahmedabad - CG Road
MCD1701,M202,2,2025-04-24,Ahmedabad - CG Road
MCD1702,M106,4,2025-05-17,Bangalore - Koramangala
MCD1703,M105,1,2025-06-11,Ahmedabad - CG Road
MCD1704,M205,1,2025-05-07,Chennai - T Nagar
MCD1705,M301,4,2025-07-09,Chennai - T Nagar
MCD1706,M503,3,2025-04-26,Pune - FC Road
MCD1707,M302,3,2025-04-18,Chennai - T Nagar
MCD1708,M107,4,2025-05-23,Chennai - T Nagar
MCD1709,M302,1,2025-05-08,Kolkata - Salt Lake
MCD1710,M302,4,2025-04-24,Mumbai - Andheri
MCD1711,M301,3,2025-04-29,Pune - FC Road
MCD1712,M104,2,2025-07-11,Hyderabad - Gachibowli
MCD1713,M204,2,2025-06-25,Hyderabad - Gachibowli
MCD1714,M201,4,2025-06-30,Pune - FC Road
MCD1715,M303,3,2025-06-20,Ahmedabad - CG Road
MCD1716,M502,1,2025-05-27,Pune - FC Road
MCD1717,M501,1,2025-06-14,Mumbai - Andheri
MCD1718,M104,3,2025-05-22,Ahmedabad - CG Road
MCD1719,M203,2,2025-06-20,Kolkata - Salt Lake
MCD1720,M201,3,2025-06-22,Ahmedabad - CG Road
MCD1721,M102,1,2025-05-22,Chennai - T Nagar
MCD1722,M107,1,2025-04-17,Mumbai - Andheri
MCD1723,M107,2,2025-05-18,Delhi - CP
MCD1724,M403,3,2025-05-28,Kolkata - Salt Lake
MCD1725,M105,1,2025-05-20,Chennai - T Nagar
MCD1726,M105,4,2025-05-12,Mumbai - Andheri
MCD1727,M402,1,2025-06-19,Pune - FC Road
MCD1728,M201,3,2025-06-18,Delhi - CP
MCD1729,M403,2,2025-07-03,Kolkata - Salt Lake
MCD1730,M105,4,2025-06-08,Pune - FC Road
MCD1731,M102,2,2025-05-10,Pune - FC Road
MCD1732,M105,4,2025-05-28,Mumbai - Andheri
MCD1733,M402,2,2025-04-14,Mumbai - Andheri
MCD1734,M104,4,2025-06-11,Hyderabad - Gachibowli
MCD1735,M303,3,2025-04-19,Ahmedabad - CG Road
MCD1736,M103,4,2025-05-10,Chennai - T Nagar
MCD1737,M502,1,2025-05-07,Pune - FC Road
MCD1738,M107,4,2025-07-12,Hyderabad - Gachibowli
MCD1739,M401,3,2025-06-10,Hyderabad - Gachibowli
MCD1740,M501,3,2025-05-11,Bangalore - Koramangala
MCD1741,M203,2,2025-04-25,Mumbai - Andheri
MCD1742,M104,1,2025-05-03,Delhi - CP
MCD1743,M203,2,2025-05-09,Kolkata - Salt Lake
MCD1744,M104,1,2025-04-16,Delhi - CP
MCD1745,M302,1,2025-04-26,Ahmedabad - CG Road
MCD1746,M401,2,2025-05-30,Ahmedabad - CG Road
MCD1747,M205,1,2025-04-16,Bangalore - Koramangala
MCD1748,M202,1,2025-07-11,Hyderabad - Gachibowli
MCD1749,M102,3,2025-04-27,Bangalore - Koramangala
MCD1750,M107,4,2025-04-15,Bangalore - Koramangala
MCD1751,M302,2,2025-06-04,Pune - FC Road
MCD1752,M102,3,2025-06-11,Mumbai - Andheri
MCD1753,M501,4,2025-07-07,Mumbai - Andheri
MCD1754,M303,1,2025-05-06,Hyderabad - Gachibowli
MCD1755,M301,2,2025-06-05,Kolkata - Salt Lake
MCD1756,M404,2,2025-05-01,Ahmedabad - CG Road
MCD1757,M205,2,2025-05-20,Mumbai - Andheri
MCD1758,M102,3,2025-05-02,Chennai - T Nagar
MCD1759,M202,2,2025-07-02,Ahmedabad - CG Road
MCD1760,M201,4,2025-04-26,Delhi - CP
MCD1761,M401,2,2025-06-30,Mumbai - Andheri
MCD1762,M501,1,2025-05-26,Bangalore - Koramangala
MCD1763,M101,2,2025-06-23,Delhi - CP
MCD1764,M403,1,2025-06-04,Chennai - T Nagar
MCD1765,M106,1,2025-06-13,Ahmedabad - CG Road
MCD1766,M403,1,2025-04-25,Pune - FC Road
MCD1767,M104,3,2025-05-12,Mumbai - Andheri
MCD1768,M302,4,2025-06-12,Ahmedabad - CG Road
MCD1769,M104,3,2025-06-19,Ahmedabad - CG Road
MCD1770,M104,2,2025-06-17,Chennai - T Nagar
MCD1771,M401,2,2025-07-13,Ahmedabad - CG Road
MCD1772,M301,4,2025-06-25,Kolkata - Salt Lake
MCD1773,M202,2,2025-06-14,Kolkata - Salt Lake
MCD1774,M303,2,2025-04-16,Hyderabad - Gachibowli
MCD1775,M404,4,2025-06-23,Hyderabad - Gachibowli
MCD1776,M106,1,2025-05-17,Bangalore - Koramangala
MCD1777,M202,4,2025-07-04,Delhi - CP
MCD1778,M402,1,2025-06-21,Hyderabad - Gachibowli
MCD1779,M205,2,2025-05-25,Chennai - T Nagar
MCD1780,M104,4,2025-06-29,Hyderabad - Gachibowli
MCD1781,M404,1,2025-05-18,Mumbai - Andheri
MCD1782,M103,1,2025-06-02,Kolkata - Salt Lake
MCD1783,M501,4,2025-07-05,Delhi - CP
MCD1784,M502,1,2025-07-03,Kolkata - Salt Lake
MCD1785,M102,1,2025-05-16,Hyderabad - Gachibowli
MCD1786,M202,1,2025-06-13,Kolkata - Salt Lake
MCD1787,M302,2,2025-05-12,Mumbai - Andheri
MCD1788,M503,2,2025-06-18,Chennai - T Nagar
MCD1789,M403,1,2025-07-07,Hyderabad - Gachibowli
MCD1790,M201,2,2025-07-07,Bangalore - Koramangala
MCD1791,M203,3,2025-06-11,Pune - FC Road
MCD1792,M205,2,2025-05-16,Mumbai - Andheri
MCD1793,M402,1,2025-05-06,Chennai - T Nagar
MCD1794,M501,4,2025-04-23,Mumbai - Andheri
MCD1795,M102,2,2025-07-09,Chennai - T Nagar
MCD1796,M104,4,2025-05-18,Delhi - CP
MCD1797,M304,4,2025-05-08,Chennai - T Nagar
MCD1798,M107,4,2025-07-09,Pune - FC Road
MCD1799,M202,1,2025-05-27,Bangalore - Koramangala
MCD1800,M105,1,2025-07-01,Kolkata - Salt Lake
MCD1801,M303,2,2025-05-29,Hyderabad - Gachibowli
MCD1802,M106,4,2025-05-23,Kolkata - Salt Lake
MCD1803,M203,1,2025-04-14,Kolkata - Salt Lake
MCD1804,M301,2,2025-06-16,Kolkata - Salt Lake
MCD1805,M304,4,2025-06-24,Bangalore - Koramangala
MCD1806,M301,2,2025-07-10,Delhi - CP
MCD1807,M104,1,2025-05-25,Pune - FC Road
MCD1808,M404,1,2025-07-03,Hyderabad - Gachibowli
MCD1809,M107,3,2025-04-17,Pune - FC Road
MCD1810,M204,4,2025-05-03,Delhi - CP
MCD1811,M107,3,2025-06-05,Bangalore - Koramangala
MCD1812,M304,2,2025-06-13,Delhi - CP
MCD1813,M502,4,2025-05-04,Chennai - T Nagar
MCD1814,M104,2,2025-06-26,Chennai - T Nagar
MCD1815,M202,1,2025-05-24,Pune - FC Road
MCD1816,M503,2,2025-04-20,Hyderabad - Gachibowli
MCD1817,M203,4,2025-07-09,Hyderabad - Gachibowli
MCD1818,M102,3,2025-05-31,Bangalore - Koramangala
MCD1819,M401,4,2025-06-09,Bangalore - Koramangala
MCD1820,M202,1,2025-06-08,Delhi - CP
MCD1821,M204,4,2025-05-07,Mumbai - Andheri
MCD1822,M304,1,2025-05-17,Delhi - CP
MCD1823,M205,4,2025-07-02,Mumbai - Andheri
MCD1824,M503,1,2025-06-17,Pune - FC Road
MCD1825,M302,2,2025-07-04,Bangalore - Koramangala
MCD1826,M501,3,2025-06-29,Chennai - T Nagar
MCD1827,M404,3,2025-05-02,Mumbai - Andheri
MCD1828,M404,3,2025-07-06,Kolkata - Salt Lake
MCD1829,M104,3,2025-05-18,Bangalore - Koramangala
MCD1830,M302,4,2025-06-05,Chennai - T Nagar
MCD1831,M404,1,2025-05-19,Bangalore - Koramangala
MCD1832,M107,2,2025-06-13,Hyderabad - Gachibowli
MCD1833,M104,2,2025-05-12,Pune - FC Road
MCD1834,M304,1,2025-06-30,Ahmedabad - CG Road
MCD1835,M104,4,2025-05-13,Chennai - T Nagar
MCD1836,M201,2,2025-05-29,Hyderabad - Gachibowli
MCD1837,M204,1,2025-06-15,Kolkata - Salt Lake
MCD1838,M103,2,2025-05-20,Kolkata - Salt Lake
MCD1839,M205,1,2025-07-07,Mumbai - Andheri
MCD1840,M203,3,2025-04-19,Ahmedabad - CG Road
MCD1841,M404,1,2025-07-02,Hyderabad - Gachibowli
MCD1842,M202,3,2025-04-14,Ahmedabad - CG Road
MCD1843,M106,1,2025-06-01,Mumbai - Andheri
MCD1844,M102,3,2025-05-19,Mumbai - Andheri
MCD1845,M501,3,2025-07-10,Kolkata - Salt Lake
MCD1846,M103,2,2025-07-08,Chennai - T Nagar
MCD1847,M404,4,2025-04-21,Pune - FC Road
MCD1848,M502,3,2025-04-27,Pune - FC Road
MCD1849,M203,4,2025-07-09,Ahmedabad - CG Road
MCD1850,M204,3,2025-04-23,Pune - FC Road
MCD1851,M401,1,2025-05-16,Delhi - CP
MCD1852,M302,1,2025-05-07,Ahmedabad - CG Road
MCD1853,M404,1,2025-06-16,Hyderabad - Gachibowli
MCD1854,M503,3,2025-06-28,Chennai - T Nagar
MCD1855,M402,3,2025-05-20,Hyderabad - Gachibowli
MCD1856,M103,4,2025-05-19,Chennai - T Nagar
MCD1857,M102,3,2025-06-13,Mumbai - Andheri
MCD1858,M304,3,2025-05-06,Bangalore - Koramangala
MCD1859,M104,1,2025-07-07,Pune - FC Road
MCD1860,M502,1,2025-05-18,Kolkata - Salt Lake
MCD1861,M503,4,2025-05-02,Delhi - CP
MCD1862,M205,3,2025-05-28,Chennai - T Nagar
MCD1863,M106,4,2025-05-05,Mumbai - Andheri
MCD1864,M102,2,2025-06-07,Kolkata - Salt Lake
MCD1865,M102,2,2025-06-14,Delhi - CP
MCD1866,M301,4,2025-07-06,Delhi - CP
MCD1867,M103,4,2025-04-24,Bangalore - Koramangala
MCD1868,M105,1,2025-06-06,Chennai - T Nagar
MCD1869,M502,3,2025-04-23,Ahmedabad - CG Road
MCD1870,M203,4,2025-06-15,Kolkata - Salt Lake
MCD1871,M302,4,2025-06-15,Bangalore - Koramangala
MCD1872,M301,4,2025-04-25,Kolkata - Salt Lake
MCD1873,M304,4,2025-06-25,Pune - FC Road
MCD1874,M105,3,2025-06-06,Chennai - T Nagar
MCD1875,M101,1,2025-05-24,Ahmedabad - CG Road
MCD1876,M205,3,2025-04-19,Ahmedabad - CG Road
MCD1877,M304,2,2025-06-16,Bangalore - Koramangala
MCD1878,M503,1,2025-05-02,Chennai - T Nagar
MCD1879,M107,3,2025-05-21,Pune - FC Road
MCD1880,M403,3,2025-05-19,Ahmedabad - CG Road
MCD1881,M402,2,2025-05-04,Chennai - T Nagar
MCD1882,M401,4,2025-07-07,Hyderabad - Gachibowli
MCD1883,M403,3,2025-06-26,Ahmedabad - CG Road
MCD1884,M302,1,2025-04-15,Mumbai - Andheri
MCD1885,M203,2,2025-05-28,Mumbai - Andheri
MCD1886,M403,3,2025-05-24,Bangalore - Koramangala
MCD1887,M403,4,2025-07-13,Kolkata - Salt Lake
MCD1888,M303,2,2025-06-28,Ahmedabad - CG Road
MCD1889,M502,3,2025-06-08,Kolkata - Salt Lake
MCD1890,M401,4,2025-05-04,Mumbai - Andheri
MCD1891,M501,2,2025-04-20,Ahmedabad - CG Road
MCD1892,M304,4,2025-06-10,Pune - FC Road
MCD1893,M205,1,2025-05-04,Mumbai - Andheri
MCD1894,M402,4,2025-05-02,Mumbai - Andheri
MCD1895,M302,3,2025-05-28,Mumbai - Andheri
MCD1896,M404,1,2025-04-28,Chennai - T Nagar
MCD1897,M502,4,2025-05-03,Hyderabad - Gachibowli
MCD1898,M303,4,2025-05-03,Bangalore - Koramangala
MCD1899,M404,3,2025-05-17,Hyderabad - Gachibowli
MCD1900,M105,2,2025-07-06,Delhi - CP
MCD1901,M201,1,2025-05-23,Ahmedabad - CG Road
MCD1902,M403,2,2025-07-03,Hyderabad - Gachibowli
MCD1903,M503,3,2025-05-27,Bangalore - Koramangala
MCD1904,M107,3,2025-05-03,Kolkata - Salt Lake
MCD1905,M104,4,2025-06-15,Hyderabad - Gachibowli
MCD1906,M105,4,2025-05-01,Hyderabad - Gachibowli
MCD1907,M304,1,2025-07-05,Mumbai - Andheri
MCD1908,M106,2,2025-04-23,Mumbai - Andheri
MCD1909,M503,3,2025-05-30,Delhi - CP
MCD1910,M107,4,2025-05-26,Ahmedabad - CG Road
MCD1911,M103,3,2025-05-17,Hyderabad - Gachibowli
MCD1912,M107,1,2025-05-06,Mumbai - Andheri
MCD1913,M502,1,2025-04-16,Pune - FC Road
MCD1914,M301,3,2025-06-23,Bangalore - Koramangala
MCD1915,M106,4,2025-05-14,Hyderabad - Gachibowli
MCD1916,M201,3,2025-05-03,Bangalore - Koramangala
MCD1917,M106,3,2025-06-16,Delhi - CP
MCD1918,M301,3,2025-04-18,Kolkata - Salt Lake
MCD1919,M401,3,2025-07-01,Pune - FC Road
MCD1920,M203,4,2025-07-01,Ahmedabad - CG Road
MCD1921,M404,1,2025-04-24,Ahmedabad - CG Road
MCD1922,M205,2,2025-07-05,Chennai - T Nagar
MCD1923,M301,3,2025-07-04,Mumbai - Andheri
MCD1924,M501,3,2025-07-08,Delhi - CP
MCD1925,M302,4,2025-05-30,Hyderabad - Gachibowli
MCD1926,M403,4,2025-05-01,Mumbai - Andheri
MCD1927,M106,3,2025-04-29,Delhi - CP
MCD1928,M403,1,2025-06-05,Ahmedabad - CG Road
MCD1929,M302,4,2025-06-30,Bangalore - Koramangala
MCD1930,M106,4,2025-04-15,Kolkata - Salt Lake
MCD1931,M104,2,2025-05-27,Bangalore - Koramangala
MCD1932,M501,2,2025-05-26,Hyderabad - Gachibowli
MCD1933,M501,2,2025-06-25,Chennai - T Nagar
MCD1934,M205,3,2025-05-26,Kolkata - Salt Lake
MCD1935,M301,4,2025-06-05,Kolkata - Salt Lake
MCD1936,M102,2,2025-06-12,Delhi - CP
MCD1937,M103,4,2025-05-26,Kolkata - Salt Lake
MCD1938,M501,3,2025-06-09,Kolkata - Salt Lake
MCD1939,M102,1,2025-07-08,Kolkata - Salt Lake
MCD1940,M101,4,2025-07-05,Hyderabad - Gachibowli
MCD1941,M203,4,2025-05-26,Bangalore - Koramangala
MCD1942,M502,2,2025-05-31,Mumbai - Andheri
MCD1943,M302,1,2025-06-06,Mumbai - Andheri
MCD1944,M201,4,2025-07-13,Mumbai - Andheri
MCD1945,M304,1,2025-05-25,Ahmedabad - CG Road
MCD1946,M503,3,2025-06-20,Hyderabad - Gachibowli
MCD1947,M303,3,2025-07-08,Pune - FC Road
MCD1948,M502,3,2025-06-24,Mumbai - Andheri
MCD1949,M202,3,2025-06-23,Pune - FC Road
MCD1950,M107,3,2025-05-01,Pune - FC Road
MCD1951,M204,1,2025-05-31,Bangalore - Koramangala
MCD1952,M205,2,2025-06-05,Bangalore - Koramangala
MCD1953,M201,4,2025-06-03,Bangalore - Koramangala
MCD1954,M104,1,2025-05-03,Mumbai - Andheri
MCD1955,M105,1,2025-05-15,Bangalore - Koramangala
MCD1956,M104,2,2025-05-06,Ahmedabad - CG Road
MCD1957,M304,4,2025-06-17,Bangalore - Koramangala
MCD1958,M103,3,2025-05-06,Chennai - T Nagar
MCD1959,M404,1,2025-04-16,Pune - FC Road
MCD1960,M401,1,2025-05-17,Chennai - T Nagar
MCD1961,M201,3,2025-07-11,Bangalore - Koramangala
MCD1962,M303,3,2025-06-10,Pune - FC Road
MCD1963,M104,1,2025-05-28,Delhi - CP
MCD1964,M404,4,2025-06-10,Delhi - CP
MCD1965,M403,2,2025-05-28,Delhi - CP
MCD1966,M403,2,2025-06-30,Ahmedabad - CG Road
MCD1967,M502,3,2025-06-22,Pune - FC Road
MCD1968,M301,4,2025-06-14,Hyderabad - Gachibowli
MCD1969,M104,3,2025-06-18,Mumbai - Andheri
MCD1970,M302,3,2025-04-20,Delhi - CP
MCD1971,M402,1,2025-06-19,Chennai - T Nagar
MCD1972,M302,4,2025-04-26,Delhi - CP
MCD1973,M302,2,2025-05-30,Delhi - CP
MCD1974,M106,1,2025-06-20,Mumbai - Andheri
MCD1975,M301,1,2025-05-04,Kolkata - Salt Lake
MCD1976,M205,1,2025-05-06,Ahmedabad - CG Road
MCD1977,M502,3,2025-06-10,Hyderabad - Gachibowli
MCD1978,M205,4,2025-05-26,Hyderabad - Gachibowli
MCD1979,M204,1,2025-05-14,Mumbai - Andheri
MCD1980,M204,2,2025-06-14,Kolkata - Salt Lake
MCD1981,M402,3,2025-04-23,Pune - FC Road
MCD1982,M104,1,2025-06-19,Bangalore - Koramangala
MCD1983,M401,2,2025-04-19,Chennai - T Nagar
MCD1984,M302,1,2025-05-06,Pune - FC Road
MCD1985,M403,2,2025-07-09,Hyderabad - Gachibowli
MCD1986,M401,1,2025-06-13,Pune - FC Road
MCD1987,M502,4,2025-05-27,Hyderabad - Gachibowli
MCD1988,M204,1,2025-07-05,Hyderabad - Gachibowli
MCD1989,M105,3,2025-06-17,Mumbai - Andheri
MCD1990,M201,2,2025-06-22,Chennai - T Nagar
MCD1991,M303,4,2025-07-05,Hyderabad - Gachibowli
MCD1992,M205,4,2025-06-08,Pune - FC Road
MCD1993,M304,4,2025-06-29,Ahmedabad - CG Road
MCD1994,M101,1,2025-05-16,Bangalore - Koramangala
MCD1995,M301,3,2025-05-06,Pune - FC Road
MCD1996,M402,2,2025-04-28,Bangalore - Koramangala
MCD1997,M203,3,2025-05-15,Kolkata - Salt Lake
MCD1998,M201,2,2025-04-29,Chennai - T Nagar
MCD1999,M201,2,2025-05-15,Kolkata - Salt Lake
